<appaction uniquename="plugin__Java!e1860432b9ea4f37a7e8d8a60867b80f!plugin_PluginTraining!plugin_childtable!2">
  <appmoduleid>
    <uniquename>plugin_PluginTraining</uniquename>
  </appmoduleid>
  <buttonlabeltext default="Add Child Record">
    <label description="Add Child Record" languagecode="1033" />
  </buttonlabeltext>
  <buttonsequencepriority>2.0000000000</buttonsequencepriority>
  <context>1</context>
  <contextentity>
    <logicalname>plugin_childtable</logicalname>
  </contextentity>
  <contextvalue>plugin_childtable</contextvalue>
  <fonticon>$clientsvg:Add</fonticon>
  <hidden>0</hidden>
  <iscustomizable>1</iscustomizable>
  <isgrouptitlehidden>0</isgrouptitlehidden>
  <location>2</location>
  <name>Java!e1860432b9ea4f37a7e8d8a60867b80f</name>
  <onclickeventjavascriptfunctionname>OpenQuickCreateFromButton</onclickeventjavascriptfunctionname>
  <onclickeventjavascriptparameters>[{"type":5}]</onclickeventjavascriptparameters>
  <onclickeventjavascriptwebresourceid>
    <webresourceid>9a7cd69d-56d8-ed11-a7c7-000d3abcd4b7</webresourceid>
  </onclickeventjavascriptwebresourceid>
  <onclickeventtype>2</onclickeventtype>
  <statecode>0</statecode>
  <statuscode>1</statuscode>
  <type>0</type>
  <visibilitytype>0</visibilitytype>
</appaction>